﻿<?xml version="1.0" encoding="utf-8"?>
<asx:abap xmlns:asx="http://www.sap.com/abapxml" version="1.0">
 <asx:values>
  <DATA>
   <MASTER_LANGUAGE>E</MASTER_LANGUAGE>
   <STARTING_FOLDER>/src/</STARTING_FOLDER>
   <FOLDER_LOGIC>PREFIX</FOLDER_LOGIC>
   <IGNORE>
    <item>/.travis.yml</item>
    <item>/CONTRIBUTING.md</item>
    <item>/LICENSE</item>
    <item>/README.md</item>
    <item>/package.json</item>
    <item>/changelog.txt</item>
    <item>/.gitignore</item>
    <item>/CODE_OF_CONDUCT.md</item>
    <item>/abaplint.json</item>
    <item>/.eslintrc.yaml</item>
   </IGNORE>
  </DATA>
 </asx:values>
</asx:abap>
